<?xml version="1.0"?>
<doc>
    <assembly>
        <name>Hein.Framework.Processing</name>
    </assembly>
    <members>
        <member name="T:Hein.Framework.Processing.ProcessBuilder`1">
            <summary>
            Process Builder. Using a builder pattern to create your 'dynamic' process to execute
            </summary>
        </member>
        <member name="P:Hein.Framework.Processing.ProcessBuilder`1.SuccessfullyRan">
            <summary>
            Boolean Flag to let you know the process ran from start to finish
            </summary>
        </member>
        <member name="P:Hein.Framework.Processing.ProcessBuilder`1.ProcessStoppedAt">
            <summary>
            The Step Name if the process stopped, because of a false result when a step executed
            </summary>
        </member>
        <member name="P:Hein.Framework.Processing.ProcessBuilder`1.Performance">
            <summary>
            Performance data on execution per step.
            </summary>
        </member>
        <member name="M:Hein.Framework.Processing.ProcessBuilder`1.#ctor(`0)">
            <summary>
            Process Builder. Using a builder pattern to create your 'dynamic' process to execute
            </summary>
        </member>
        <member name="M:Hein.Framework.Processing.ProcessBuilder`1.ExecuteAsync">
            <summary>
            Execute all process steps
            </summary>
        </member>
        <member name="M:Hein.Framework.Processing.ProcessBuilder`1.AddStep(Hein.Framework.Processing.ProcessStep{`0})">
            <summary>
            Add a step to the process.  Add steps in the order you wish for them to run
            </summary>
        </member>
        <member name="T:Hein.Framework.Processing.ProcessPerformance">
            <summary>
            Process Performance class containing Process name, and a total Elapsed Milliseconds from step performances
            <para>Json Serializer Friendly</para>
            </summary>
        </member>
        <member name="M:Hein.Framework.Processing.ProcessPerformance.#ctor(System.String,System.Collections.Generic.IEnumerable{Hein.Framework.Processing.ProcessStepPerformance})">
            <summary>
            Process Performance class containing Process name, and a total Elapsed Milliseconds from step performances
            </summary>
        </member>
        <member name="P:Hein.Framework.Processing.ProcessPerformance.ProcessName">
            <summary>
            Process Name. Same as <seealso cref="P:Hein.Framework.Processing.IProcessContext.ProcessName"/>
            </summary>
        </member>
        <member name="P:Hein.Framework.Processing.ProcessPerformance.ElapsedMilliseconds">
            <summary>
            Total Elapsed Milliseconds from individual Step Performances
            </summary>
        </member>
        <member name="P:Hein.Framework.Processing.ProcessPerformance.StepPerformances">
            <summary>
            Individual Step Performance
            </summary>
        </member>
        <member name="T:Hein.Framework.Processing.ProcessStepPerformance">
            <summary>
            Step Performance Metric
            </summary>
        </member>
        <member name="M:Hein.Framework.Processing.ProcessStepPerformance.#ctor(System.Int32,System.String,Hein.Framework.Processing.ProcessStepResult,System.Int64)">
            <summary>
            Step Performance Metric
            </summary>
        </member>
        <member name="P:Hein.Framework.Processing.ProcessStepPerformance.StepNumber">
            <summary>
            Order Number of Step
            </summary>
        </member>
        <member name="P:Hein.Framework.Processing.ProcessStepPerformance.StepName">
            <summary>
            Step Name of Step.  Same as <seealso cref="P:Hein.Framework.Processing.ProcessStep`1.StepName"/>
            </summary>
        </member>
        <member name="P:Hein.Framework.Processing.ProcessStepPerformance.Result">
            <summary>
            Result of step.  Skipped/Executed/Excluded
            </summary>
        </member>
        <member name="P:Hein.Framework.Processing.ProcessStepPerformance.ElapsedMilliseconds">
            <summary>
            Elapsed Milliseconds from Step Execution Time
            </summary>
        </member>
        <member name="T:Hein.Framework.Processing.ProcessStepResult">
            <summary>
            Process Step Status/Result
            </summary>
        </member>
        <member name="F:Hein.Framework.Processing.ProcessStepResult.Skipped">
            <summary>
            Skipped means the ShouldExecuteAsync method returned false for the step, and therefore skipped this step from executing
            </summary>
        </member>
        <member name="F:Hein.Framework.Processing.ProcessStepResult.Executed">
            <summary>
            Executed means ShouldExecuteAsync method returned true for the step, and executed the step
            </summary>
        </member>
        <member name="F:Hein.Framework.Processing.ProcessStepResult.Excluded">
            <summary>
            Excluded means a step before had ExecuteAsync method return false. Therefore, performance metrics were excluded
            </summary>
        </member>
        <member name="M:Hein.Framework.Processing.ProcessStep`1.ShouldExecuteAsync(`0)">
            <summary>
            Runs validation on the processcontext to determine if the current step should run or not
            <para>Default is set to true aka, always execute this step</para>
            </summary>
        </member>
        <member name="M:Hein.Framework.Processing.ProcessStep`1.ExecuteAsync(`0)">
            <summary>
            Runs/applies logic to the processcontext.  if it returns 'true' it will proceed to the next step. if 'false' it breaks out of the execution of steps
            </summary>
        </member>
    </members>
</doc>
